{
  "id": "",
  "name": "",
  "font_family": "iconfont",
  "css_prefix_text": "icon-",
  "description": "",
  "glyphs": [
    {
      "icon_id": "5167845",
      "name": "叶子",
      "font_class": "yezi",
      "unicode": "e601",
      "unicode_decimal": 58881
    },
    {
      "icon_id": "7422788",
      "name": "荷花花灯",
      "font_class": "hehuahuadeng",
      "unicode": "e60c",
      "unicode_decimal": 58892
    },
    {
      "icon_id": "13084286",
      "name": "叶子",
      "font_class": "yezi1",
      "unicode": "e605",
      "unicode_decimal": 58885
    },
    {
      "icon_id": "19463515",
      "name": "花 红花 植物 花朵",
      "font_class": "huahonghuazhiwuhuaduo",
      "unicode": "e622",
      "unicode_decimal": 58914
    },
    {
      "icon_id": "25228423",
      "name": "叶子",
      "font_class": "yezi2",
      "unicode": "e606",
      "unicode_decimal": 58886
    }
  ]
}
